node_id, file
100000000,umkc_36764.tif
100000001,umkc_36763.tif
100000002,umkc_36762.tif
100000003,umkc_36761.tif
100000004,umkc_36760.tif
100000005,umkc_36759.tif
100000006,umkc_36758.tif
100000007,umkc_36757.tif
100000008,umkc_36756.tif
100000009,umkc_36755.tif
100000010,umkc_36754.tif
100000011,umkc_36753.tif
100000012,umkc_36752.tif
100000013,umkc_36751.tif
100000014,umkc_36750.tif
100000015,umkc_36749.tif
100000016,umkc_36748.tif
100000017,umkc_36747.tif
100000018,umkc_36746.tif
100000019,umkc_36745.tif
100000020,umkc_36744.tif
100000021,umkc_36743.tif
100000022,umkc_36742.tif
100000023,umkc_36741.tif
100000024,umkc_36740.tif
100000025,umkc_36739.tif
100000026,umkc_36738.tif
100000027,umkc_36737.tif
100000028,umkc_36736.tif
100000029,umkc_36735.tif
100000030,umkc_36734.tif
100000031,umkc_36733.tif
100000032,umkc_36732.tif
100000033,umkc_36731.tif
100000034,umkc_36730.tif
100000035,umkc_36729.tif
100000036,umkc_36728.tif
100000037,umkc_36727.tif
100000038,umkc_36726.tif
100000039,umkc_36725.tif
100000040,umkc_36724.tif
100000041,umkc_36723.tif
100000042,umkc_36721.tif
100000043,umkc_36720.tif
100000044,umkc_36719.tif
100000045,umkc_36718.tif
100000046,umkc_36717.tif
100000047,umkc_36716.tif
100000048,umkc_36715.tif
100000049,umkc_36714.tif
100000050,umkc_36713.tif
100000051,umkc_36712.tif
100000052,umkc_36711.tif
100000053,umkc_36710.tif
100000054,umkc_36709.tif
100000055,umkc_36708.tif
100000056,umkc_36707.tif
100000057,umkc_36706.tif
100000058,umkc_36705.tif
100000059,umkc_36704.tif
100000060,umkc_36703.tif
100000061,umkc_36702.tif
100000062,umkc_36701.tif
100000063,umkc_36700.tif
100000064,umkc_36699.tif
100000065,umkc_36698.tif
100000066,umkc_36697.tif
100000067,umkc_36696.tif
100000068,umkc_36695.tif
100000069,umkc_36694.tif
100000070,umkc_36693.tif
100000071,umkc_36692.tif
100000072,umkc_36691.tif
100000073,umkc_36690.tif
100000074,umkc_36689.tif
100000075,umkc_36688.tif
100000076,umkc_36687.tif
100000077,umkc_36686.tif
100000078,umkc_36685.tif
100000079,umkc_36684.tif
100000080,umkc_36683.tif
100000081,umkc_36682.tif
100000082,umkc_36681.tif
100000083,umkc_36680.tif
100000084,umkc_36679.tif
100000085,umkc_36678.tif
100000086,umkc_36677.tif
100000087,umkc_36676.tif
100000088,umkc_36675.tif
100000089,umkc_36674.tif
100000090,umkc_36673.tif
100000091,umkc_36672.tif
100000092,umkc_36671.tif
100000093,umkc_36670.tif
100000094,umkc_36669.tif
100000095,umkc_36668.tif
100000096,umkc_36667.tif
100000097,umkc_36666.tif
100000098,umkc_36665.tif
100000099,umkc_36664.tif
100000100,umkc_36663.tif
100000101,umkc_36662.tif
100000102,umkc_36661.tif
100000103,umkc_36660.tif
100000104,umkc_36659.tif
100000105,umkc_36658.tif
100000106,umkc_36657.tif
100000107,umkc_36656.tif
100000108,umkc_36655.tif
100000109,umkc_36654.tif
100000110,umkc_36653.tif
100000111,umkc_36652.tif
100000112,umkc_36651.tif
100000113,umkc_36650.tif
100000114,umkc_36649.tif
100000115,umkc_36648.tif
100000116,umkc_36647.tif
100000117,umkc_36646.tif
100000118,umkc_36645.tif
100000119,umkc_36644.tif
100000120,umkc_36643.tif
100000121,umkc_36642.tif
100000122,umkc_36641.tif
100000123,umkc_36640.tif
100000124,umkc_36639.tif
100000125,umkc_36638.tif
100000126,umkc_36637.tif
100000127,umkc_36636.tif
100000128,umkc_36635.tif
100000129,umkc_36634.tif
100000130,umkc_36629.tif
100000131,umkc_36628.tif
100000132,umkc_36627.tif
100000133,umkc_36626.tif
100000134,umkc_36625.tif
100000135,umkc_36624.tif
100000136,umkc_36623.tif
100000137,umkc_36622.tif
100000138,umkc_36621.tif
100000139,umkc_36620.tif
100000140,umkc_36619.tif
100000141,umkc_36618.tif
100000142,umkc_36617.tif
100000143,umkc_36616.tif
100000144,umkc_36615.tif
100000145,umkc_36614.tif
100000146,umkc_36613.tif
100000147,umkc_36612.tif
100000148,umkc_36611.tif
100000149,umkc_36610.tif
100000150,umkc_36609.tif
100000151,umkc_36608.tif
100000152,umkc_36607.tif
100000153,umkc_36606.tif
100000154,umkc_36605.tif
100000155,umkc_36604.tif
100000156,umkc_36603.tif
100000157,umkc_36602.tif
100000158,umkc_36601.tif
100000159,umkc_36600.tif
100000160,umkc_36599.tif
100000161,umkc_36598.tif
100000162,umkc_36597.tif
100000163,umkc_36596.tif
100000164,umkc_36595.tif
100000165,umkc_36594.tif
100000166,umkc_36593.tif
100000167,umkc_36592.tif
100000168,umkc_36591.tif
100000169,umkc_36590.tif
100000170,umkc_36589.tif
100000171,umkc_36588.tif
100000172,umkc_36587.tif
100000173,umkc_36586.tif
100000174,umkc_36585.tif
100000175,umkc_36584.tif
100000176,umkc_36583.tif
100000177,umkc_36582.tif
100000178,umkc_36581.tif
100000179,umkc_36580.tif
100000180,umkc_36579.tif
100000181,umkc_36578.tif
100000182,umkc_36577.tif
100000183,umkc_36576.tif
100000184,umkc_36575.tif
100000185,umkc_36574.tif
100000186,umkc_36573.tif
100000187,umkc_36572.tif
100000188,umkc_36571.tif
100000189,umkc_36570.tif
100000190,umkc_36569.tif
100000191,umkc_36568.tif
100000192,umkc_36567.tif
100000193,umkc_36566.tif
100000194,umkc_36565.tif
100000195,umkc_36564.tif
100000196,umkc_36563.tif
100000197,umkc_36562.tif
100000198,umkc_36561.tif
100000199,umkc_36560.tif
100000200,umkc_36559.tif
100000201,umkc_36558.tif
100000202,umkc_36557.tif
100000203,umkc_36556.tif
100000204,umkc_36555.tif
100000205,umkc_36554.tif
100000206,umkc_36553.tif
100000207,umkc_36552.tif
100000208,umkc_36551.tif
100000209,umkc_36550.tif
100000210,umkc_36549.tif
100000211,umkc_36548.tif
100000212,umkc_36547.tif
100000213,umkc_36546.tif
100000214,umkc_36545.tif
100000215,umkc_36544.tif
100000216,umkc_36543.tif
100000217,umkc_36542.tif
100000218,umkc_36541.tif
100000219,umkc_36540.tif
100000220,umkc_36539.tif
100000221,umkc_36538.tif
100000222,umkc_36537.tif
100000223,umkc_36536.tif
100000224,umkc_36535.tif
100000225,umkc_36534.tif
100000226,umkc_36532.tif
100000227,umkc_36531.tif
100000228,umkc_36530.tif
100000229,umkc_36529.tif
100000230,umkc_36528.tif
100000231,umkc_36527.tif
100000232,umkc_36526.tif
100000233,umkc_36525.tif
100000234,umkc_36524.tif
100000235,umkc_36523.tif
100000236,umkc_36522.tif
100000237,umkc_36521.tif
100000238,umkc_36520.tif
100000239,umkc_36519.tif
100000240,umkc_36518.tif
100000241,umkc_36517.tif
100000242,umkc_36516.tif
100000243,umkc_36515.tif
100000244,umkc_36514.tif
100000245,umkc_36513.tif
100000246,umkc_36512.tif
100000247,umkc_36511.tif
100000248,umkc_36510.tif
100000249,umkc_36509.tif
100000250,umkc_36508.tif
100000251,umkc_36507.tif
100000252,umkc_36506.tif
100000253,umkc_36505.tif
100000254,umkc_36504.tif
100000255,umkc_36503.tif
100000256,umkc_36502.tif
100000257,umkc_36501.tif
100000258,umkc_36500.tif
100000259,umkc_36499.tif
100000260,umkc_36498.tif
100000261,umkc_36497.tif
100000262,umkc_36496.tif
100000263,umkc_36495.tif
100000264,umkc_36494.tif
100000265,umkc_36493.tif
100000266,umkc_36492.tif
100000267,umkc_36491.tif
100000268,umkc_36490.tif
100000269,umkc_36489.tif
100000270,umkc_36488.tif
100000271,umkc_36487.tif
100000272,umkc_36486.tif
100000273,umkc_36485.tif
100000274,umkc_36484.tif
100000275,umkc_36483.tif
100000276,umkc_36479.tif
100000277,umkc_36478.tif
100000278,umkc_36477.tif
100000279,umkc_36476.tif
100000280,umkc_36475.tif
100000281,umkc_36474.tif
100000282,umkc_36473.tif
100000283,umkc_36472.tif
100000284,umkc_36471.tif
100000285,umkc_36470.tif
100000286,umkc_36469.tif
100000287,umkc_36468.tif
100000288,umkc_36467.tif
100000289,umkc_36466.tif
100000290,umkc_36465.tif
100000291,umkc_36464.tif
100000292,umkc_36463.tif
100000293,umkc_36462.tif
100000294,umkc_36461.tif
100000295,umkc_36460.tif
100000296,umkc_36459.tif
100000297,umkc_36458.tif
100000298,umkc_36457.tif
100000299,umkc_36456.tif
100000300,umkc_36455.tif
100000301,umkc_36454.tif
100000302,umkc_36453.tif
100000303,umkc_36452.tif
100000304,umkc_36451.tif
100000305,umkc_36450.tif
100000306,umkc_36449.tif
100000307,umkc_36448.tif
100000308,umkc_36447.tif
100000309,umkc_36446.tif
100000310,umkc_36445.tif
100000311,umkc_36444.tif
100000312,umkc_36443.tif
100000313,umkc_36442.tif
100000314,umkc_36441.tif
100000315,umkc_36440.tif
100000316,umkc_36439.tif
100000317,umkc_36438.tif
100000318,umkc_36437.tif
100000319,umkc_36436.tif
100000320,umkc_36435.tif
100000321,umkc_36434.tif
100000322,umkc_36433.tif
100000323,umkc_36432.tif
100000324,umkc_36431.tif
100000325,umkc_36430.tif
100000326,umkc_36429.tif
100000327,umkc_36428.tif
100000328,umkc_36427.tif
100000329,umkc_36425.tif
100000330,umkc_36424.tif
100000331,umkc_36423.tif
100000332,umkc_36422.tif
100000333,umkc_36421.tif
100000334,umkc_36420.tif
100000335,umkc_36419.tif
100000336,umkc_36418.tif
100000337,umkc_36416.tif
100000338,umkc_36415.tif
100000339,umkc_36414.tif
100000340,umkc_36413.tif
100000341,umkc_36412.tif
100000342,umkc_36411.tif
100000343,umkc_36410.tif
100000344,umkc_36409.tif
100000345,umkc_36408.tif
100000346,umkc_36407.tif
100000347,umkc_36406.tif
100000348,umkc_36405.tif
100000349,umkc_36404.tif
100000350,umkc_36403.tif
100000351,umkc_36402.tif
100000352,umkc_36401.tif
100000353,umkc_36400.tif
100000354,umkc_36399.tif
100000355,umkc_36398.tif
100000356,umkc_36397.tif
100000357,umkc_36396.tif
100000358,umkc_36395.tif
100000359,umkc_36394.tif
100000360,umkc_36393.tif
100000361,umkc_36392.tif
100000362,umkc_36391.tif
100000363,umkc_36390.tif
100000364,umkc_36389.tif
100000365,umkc_36388.tif
100000366,umkc_36387.tif
100000367,umkc_36386.tif
100000368,umkc_36385.tif
100000369,umkc_36384.tif
100000370,umkc_36383.tif
100000371,umkc_36382.tif
100000372,umkc_36381.tif
100000373,umkc_36380.tif
100000374,umkc_36379.tif
100000375,umkc_36378.tif
100000376,umkc_36377.tif
100000377,umkc_36376.tif
100000378,umkc_36375.tif
100000379,umkc_36374.tif
100000380,umkc_36373.tif
100000381,umkc_36372.tif
100000382,umkc_36371.tif
100000383,umkc_36370.tif
100000384,umkc_36369.tif
100000385,umkc_36368.tif
100000386,umkc_36367.tif
100000387,umkc_36366.tif
100000388,umkc_36365.tif
100000389,umkc_36364.tif
100000390,umkc_36363.tif
100000391,umkc_36362.tif
100000392,umkc_36361.tif
100000393,umkc_36360.tif
100000394,umkc_36359.tif
100000395,umkc_36358.tif
100000396,umkc_36357.tif
100000397,umkc_36356.tif
100000398,umkc_36355.tif
100000399,umkc_36354.tif
100000400,umkc_36353.tif
100000401,umkc_36352.tif
100000402,umkc_36351.tif
100000403,umkc_36350.tif
100000404,umkc_36349.tif
100000405,umkc_36348.tif
100000406,umkc_36347.tif
100000407,umkc_36346.tif
100000408,umkc_36345.tif
100000409,umkc_36344.tif
100000410,umkc_36343.tif
100000411,umkc_36342.tif
100000412,umkc_36341.tif
100000413,umkc_36340.tif
100000414,umkc_36339.tif
100000415,umkc_36338.tif
100000416,umkc_36337.tif
100000417,umkc_36336.tif
100000418,umkc_36335.tif
100000419,umkc_36334.tif
100000420,umkc_36333.tif
100000421,umkc_36332.tif
100000422,umkc_36331.tif
100000423,umkc_36330.tif
100000424,umkc_36329.tif
100000425,umkc_36328.tif
100000426,umkc_36327.tif
100000427,umkc_36326.tif
100000428,umkc_36325.tif
100000429,umkc_36324.tif
100000430,umkc_36323.tif
100000431,umkc_36322.tif
100000432,umkc_36321.tif
100000433,umkc_36320.tif
100000434,umkc_36319.tif
100000435,umkc_36318.tif
100000436,umkc_36317.tif
100000437,umkc_36316.tif
100000438,umkc_36315.tif
100000439,umkc_36314.tif
100000440,umkc_36313.tif
100000441,umkc_36312.tif
100000442,umkc_36311.tif
100000443,umkc_36310.tif
100000444,umkc_36309.tif
100000445,umkc_36308.tif
100000446,umkc_36307.tif
100000447,umkc_36306.tif
100000448,umkc_36305.tif
100000449,umkc_36304.tif
100000450,umkc_36303.tif
100000451,umkc_36302.tif
100000452,umkc_36301.tif
100000453,umkc_36300.tif
100000454,umkc_36299.tif
100000455,umkc_36298.tif
100000456,umkc_36297.tif
100000457,umkc_36296.tif
100000458,umkc_36295.tif
100000459,umkc_36294.tif
100000460,umkc_36293.tif
